city,instance_id,solver,variant,reference_variant,num_customers,total_demand,distance_m,fuel_l,co2_kg,distance_penalty_pct,fuel_penalty_pct,co2_penalty_pct,feasible,infeasible_reason,runtime_seconds,seed
macau,0,OR-Tools,SE,AR,20,131,23592.03642732843,98.88627149909394,265.0152076175718,5.7240752388755025,5.744320995877843,5.744320995877847,True,,45.64735600003041,42
macau,0,OR-Tools,SM,AR,20,131,23865.746945488154,100.08498583168264,268.2277620289095,6.950666741678948,7.026169641256096,7.026169641256105,True,,45.00138939998578,42
macau,0,OR-Tools,SR,AR,20,131,24375.141196060787,102.11632878486267,273.671761143432,9.23343856765863,9.198392114986959,9.198392114986959,True,,45.00112269993406,42
macau,0,OR-Tools,AR,AR,20,131,22314.72479094664,93.51449852607097,250.6188560498702,0.0,0.0,0.0,True,,45.00143490009941,42
macau,1,OR-Tools,SE,AR,20,135,26733.173455895394,112.05747634046607,300.3140365924491,13.607330271833744,13.43833376663397,13.438333766633985,True,,45.00131970003713,43
macau,1,OR-Tools,SM,AR,20,135,26768.64231311577,112.13218088117388,300.514244761546,13.758061429256855,13.51395887349385,13.513958873493857,True,,45.00121080002282,43
macau,1,OR-Tools,SR,AR,20,135,26299.779344200364,110.10429421464127,295.0795084952386,11.765545641721031,11.461083045556245,11.461083045556242,True,,45.0011282999767,43
macau,1,OR-Tools,AR,AR,20,135,23531.204713577583,98.78272416358952,264.7377007584199,0.0,0.0,0.0,True,,45.00253980001435,43
macau,2,OR-Tools,SE,AR,20,139,25703.47778888514,107.88121594752363,289.12165873936334,6.636370246005867,6.617081747227253,6.61708174722726,True,,45.00184119993355,44
macau,2,OR-Tools,SM,AR,20,139,26799.34154371454,112.55649976489447,301.6514193699172,11.182795210712364,11.237581364051954,11.23758136405197,True,,45.0010934000602,44
macau,2,OR-Tools,SR,AR,20,139,26747.297679100102,112.28549567523575,300.92512840963184,10.966880116979087,10.969752855379681,10.969752855379694,True,,45.00110849994235,44
macau,2,OR-Tools,AR,AR,20,139,24103.856620014576,101.18567698494454,271.17761431965135,0.0,0.0,0.0,True,,45.00136840005871,44
macau,3,OR-Tools,SE,AR,20,114,26721.796587132496,112.40381567924774,301.24222602038395,18.510667298321177,18.628298713853688,18.62829871385368,True,,45.00189760001376,45
macau,3,OR-Tools,SM,AR,20,114,26526.37586848527,111.5724305113221,299.0141137703432,17.643980071836094,17.75087469180459,17.750874691804583,True,,45.00112410006113,45
macau,3,OR-Tools,SR,AR,20,114,22821.965809640278,95.85168618920967,256.88251898708194,1.2149908536585583,1.1595771261652883,1.1595771261652876,True,,45.00148590002209,45
macau,3,OR-Tools,AR,AR,20,114,22548.009555854587,94.75295262421307,253.93791303289103,0.0,0.0,0.0,True,,45.001195800025016,45
macau,4,OR-Tools,SE,AR,20,124,28292.370213446262,118.83299304924114,318.4724213719663,11.00535388583959,11.079744555382373,11.079744555382385,True,,45.00125470000785,46
macau,4,OR-Tools,SM,AR,20,124,26415.255868683438,110.62310799921093,296.4699294378853,3.6404798737798596,3.4055127550563453,3.40551275505635,True,,45.001138699939474,46
macau,4,OR-Tools,SR,AR,20,124,27812.795769564265,116.80806645883538,313.04561810967886,9.123739498069947,9.186934127621218,9.18693412762123,True,,45.001181600033306,46
macau,4,OR-Tools,AR,AR,20,124,25487.392475269953,106.97989406159746,286.7061160850812,0.0,0.0,0.0,True,,45.002544099930674,46
macau,5,OR-Tools,SE,AR,20,137,28738.803016525802,120.50831059369831,322.96227239111147,20.556412596876925,20.774062148554155,20.774062148554144,True,,45.00128399999812,47
macau,5,OR-Tools,SM,AR,20,137,27259.968004088136,114.2013097988292,306.0595102608623,14.352847200655512,14.453152808627392,14.453152808627395,True,,45.001871199929155,47
macau,5,OR-Tools,SR,AR,20,137,25046.14987132682,104.96569702279314,281.3080680210856,5.066100912922165,5.197173151309979,5.197173151309971,True,,45.003456600010395,47
macau,5,OR-Tools,AR,AR,20,137,23838.46897686328,99.77995974456091,267.41029211542326,0.0,0.0,0.0,True,,45.0016635999782,47
macau,6,OR-Tools,SE,AR,20,125,26229.228429868974,110.06271511138661,294.96807649851615,16.162463125108044,16.166987786988532,16.166987786988543,True,,45.00127469992731,48
macau,6,OR-Tools,SM,AR,20,125,26861.10383899847,112.90447545459591,302.58399421831706,18.960875747458847,19.16635718060247,19.166357180602475,True,,45.001134300022386,48
macau,6,OR-Tools,SR,AR,20,125,25411.044130126716,106.83323823034775,286.313078457332,12.538936653390662,12.758398411210075,12.758398411210079,True,,45.00116780004464,48
macau,6,OR-Tools,AR,AR,20,125,22579.779839568186,94.74526042906861,253.91729794990388,0.0,0.0,0.0,True,,45.00154470000416,48
macau,7,OR-Tools,SE,AR,20,133,30054.34139483679,126.41312456276884,338.78717382822055,14.468768437685243,14.816853674326563,14.816853674326575,True,,45.00129500008188,49
macau,7,OR-Tools,SM,AR,20,133,31047.343776517613,130.34307647162103,349.3194449439444,18.250842987028715,18.386298815616243,18.386298815616254,True,,45.00170490005985,49
macau,7,OR-Tools,SR,AR,20,133,28352.366250728068,118.94221830127461,318.76514504741596,7.986410494844181,8.031276986720277,8.031276986720279,True,,45.001561300014146,49
macau,7,OR-Tools,AR,AR,20,133,26255.494669009073,110.09979852028923,295.06746003437513,0.0,0.0,0.0,True,,45.001136900042184,49
macau,8,OR-Tools,SE,AR,20,124,24906.7106412376,104.55686666105802,280.2124026516355,3.198026559259903,3.3770425971085762,3.3770425971085767,True,,45.00129729998298,50
macau,8,OR-Tools,SM,AR,20,124,26863.35701973465,112.78757003703802,302.27068769926194,11.30516073059842,11.514870371357983,11.514870371357999,True,,45.001273400033824,50
macau,8,OR-Tools,SR,AR,20,124,24964.657082331752,104.80185578543085,280.8689735049547,3.4381208235401433,3.6192672539378363,3.619267253937844,True,,45.00253789999988,50
macau,8,OR-Tools,AR,AR,20,124,24134.871054860047,101.14128246882393,271.05863701644813,0.0,0.0,0.0,True,,45.001407900010236,50
macau,9,OR-Tools,SE,AR,20,118,24434.022319056643,102.69203095467192,275.21464295852076,6.752808994967475,6.899460859873652,6.8994608598736455,True,,45.00122029997874,51
macau,9,OR-Tools,SM,AR,20,118,25195.453331356166,105.72303348467184,283.3377297389206,10.0795187097024,10.054647618862997,10.054647618863005,True,,45.00266090000514,51
macau,9,OR-Tools,SR,AR,20,118,24727.168145053103,103.95555315638231,278.6008824591046,8.033569893097011,8.214751256719932,8.214751256719921,True,,45.00151019997429,51
macau,9,OR-Tools,AR,AR,20,118,22888.41160161744,96.06412429832838,257.4518531195201,0.0,0.0,0.0,True,,45.00115380005445,51
macau,10,OR-Tools,SE,AR,20,115,24949.191547356964,104.93194108776929,281.2176021152217,11.571627725500234,11.734029896900164,11.734029896900172,True,,45.001683600014076,52
macau,10,OR-Tools,SM,AR,20,115,25218.747467189838,106.14844104862811,284.47782201032334,12.777069299898029,13.029388027009329,13.029388027009322,True,,45.001204999978654,52
macau,10,OR-Tools,SR,AR,20,115,24063.283091000154,101.26216203491725,271.38259425357825,7.609886187547047,7.826361763100808,7.826361763100809,True,,45.001098299981095,52
macau,10,OR-Tools,AR,AR,20,115,22361.5914332087,93.91224963835339,251.68482903078709,0.0,0.0,0.0,True,,45.00122380000539,52
macau,11,OR-Tools,SE,AR,20,132,30977.177926817916,129.94697696104961,348.257898255613,27.813942065240052,27.84040516730527,27.840405167305274,True,,45.00117169995792,53
macau,11,OR-Tools,SM,AR,20,132,27113.965081387792,113.60813155070602,304.4697925558921,11.874063229988808,11.76642894967938,11.766428949679371,True,,45.00117109995335,53
macau,11,OR-Tools,SR,AR,20,132,27860.553741565724,116.77411994564105,312.95464145431805,14.954538797646485,14.881093473847553,14.881093473847566,True,,45.0010864000069,53
macau,11,OR-Tools,AR,AR,20,132,24236.149379545965,101.64781376512963,272.4161408905474,0.0,0.0,0.0,True,,45.001286200014874,53
macau,12,OR-Tools,SE,AR,20,126,27706.71707729427,116.28752438358207,311.65056534799993,11.272770846028498,11.039171986535699,11.039171986535697,True,,45.00120259996038,54
macau,12,OR-Tools,SM,AR,20,126,28197.24921914353,118.65996112140819,318.008695805374,13.2427938718649,13.304534606946277,13.304534606946289,True,,45.00148890004493,54
macau,12,OR-Tools,SR,AR,20,126,25031.63696256902,105.26002222507958,282.0968595632133,0.5293985522201342,0.5093691099966162,0.5093691099966206,True,,45.00134519999847,54
macau,12,OR-Tools,AR,AR,20,126,24899.81768822212,104.72657738989874,280.6672274049286,0.0,0.0,0.0,True,,45.00296860001981,54
macau,13,OR-Tools,SE,AR,20,125,23398.775358006442,97.97027884186903,262.56034729620904,10.472921163321281,9.94528707988233,9.945287079882345,True,,45.00131500000134,55
macau,13,OR-Tools,SM,AR,20,125,24443.666882818798,102.69053713497962,275.2106395217454,15.406180159943093,15.24250741304984,15.242507413049845,True,,45.00119179999456,55
macau,13,OR-Tools,SR,AR,20,125,21936.746511881753,91.92484464882108,246.3585836588405,3.570226685288767,3.1609132296250135,3.1609132296250153,True,,45.001185399945825,55
macau,13,OR-Tools,AR,AR,20,125,21180.55276497495,89.10821140581253,238.81000656757757,0.0,0.0,0.0,True,,45.00111910002306,55
macau,14,OR-Tools,SE,AR,20,138,22595.648477221093,94.9148617750985,254.371829557264,15.248468614699139,15.295480735781,15.295480735780995,True,,45.00121490005404,56
macau,14,OR-Tools,SM,AR,20,138,22702.950814959382,95.48090307560861,255.88882024263108,15.795761165987573,15.983065405221476,15.98306540522147,True,,45.00156020000577,56
macau,14,OR-Tools,SR,AR,20,138,20740.658887731184,87.10452053163004,233.44011502476855,5.787146462319221,5.808061889721591,5.8080618897215945,True,,45.00136539991945,56
macau,14,OR-Tools,AR,AR,20,138,19606.02925906399,82.32314152244344,220.62601928014843,0.0,0.0,0.0,True,,45.00144809996709,56
macau,15,OR-Tools,SE,AR,20,145,24599.4570844127,103.2609771760024,276.73941883168646,8.29275680926184,8.310004761399044,8.310004761399048,True,,45.0006854000967,57
macau,15,OR-Tools,SM,AR,20,145,27192.135753480805,114.06198716476473,305.6861256015695,19.70635507000801,19.63913872181869,19.63913872181868,True,,45.00004439998884,57
macau,15,OR-Tools,SR,AR,20,145,24319.597814206583,102.05986199640294,273.5204301503599,7.060748648055213,7.050160100044834,7.050160100044834,True,,44.99929639999755,57
macau,15,OR-Tools,AR,AR,20,145,22715.699377512577,95.3383553102787,255.50679223154694,0.0,0.0,0.0,True,,44.999171799980104,57
macau,16,OR-Tools,SE,AR,20,122,23358.586456875953,97.93481663796817,262.4653085897547,10.31847975706089,10.09057164885027,10.090571648850274,True,,45.000445700017735,58
macau,16,OR-Tools,SM,AR,20,122,22823.905853509033,95.96667634945307,257.19069261653425,7.79327766797371,7.878144068077542,7.878144068077544,True,,44.999149800045416,58
macau,16,OR-Tools,SR,AR,20,122,21517.309750083547,90.0811989817582,241.417613271112,1.6224549577677623,1.2621561071147311,1.2621561071147263,True,,44.99906580010429,58
macau,16,OR-Tools,AR,AR,20,122,21173.77479123655,88.95840503975705,238.40852550654893,0.0,0.0,0.0,True,,44.99912950000726,58
macau,17,OR-Tools,SE,AR,20,131,24658.779845183122,103.40508269501413,277.1256216226379,15.371970976886702,15.271262440395455,15.271262440395454,True,,44.99951710004825,59
macau,17,OR-Tools,SM,AR,20,131,22457.37289556781,94.20343179899893,252.46519722131717,5.072164567408273,5.013682371068646,5.013682371068649,True,,44.999084100010805,59
macau,17,OR-Tools,SR,AR,20,131,23991.61946272896,100.473493665578,269.26896302374905,12.250502324962868,12.003260911145583,12.003260911145576,True,,44.999618600006215,59
macau,17,OR-Tools,AR,AR,20,131,21373.284721055163,89.70586467592727,240.4117173314851,0.0,0.0,0.0,True,,44.999058299930766,59
macau,18,OR-Tools,SE,AR,20,133,20780.867443525563,87.17527721410687,233.62974293380643,8.676963589781883,8.828832428846807,8.82883242884681,True,,44.99919000000227,60
macau,18,OR-Tools,SM,AR,20,133,23166.372994717363,97.24945718953146,260.62854526794433,21.15235715237664,21.405348150280165,21.405348150280176,True,,44.99906609999016,60
macau,18,OR-Tools,SR,AR,20,133,19469.953453205697,81.56800386589157,218.6022503605894,1.8213233051548703,1.8287627864308866,1.8287627864308855,True,,44.99906549998559,60
macau,18,OR-Tools,AR,AR,20,133,19121.685734583258,80.10310803536626,214.6763295347816,0.0,0.0,0.0,True,,44.99929750000592,60
macau,19,OR-Tools,SE,AR,20,137,26982.49856455638,113.29531127484546,303.63143421658583,13.233877991380405,13.31751789195961,13.317517891959604,True,,44.99958120007068,61
macau,19,OR-Tools,SM,AR,20,137,29718.285930282975,124.66674113558214,334.1068662433602,24.714794483968326,24.69117662683165,24.691176626831655,True,,44.99910909996834,61
macau,19,OR-Tools,SR,AR,20,137,27111.202876532596,113.84194584369156,305.0964148610934,13.773994331029659,13.86425960473281,13.864259604732817,True,,44.99918100005016,61
macau,19,OR-Tools,AR,AR,20,137,23828.998037681216,99.98040319138006,267.9474805528986,0.0,0.0,0.0,True,,44.99912330007646,61
macau,20,OR-Tools,SE,AR,20,129,27043.74178421589,113.3168451106656,303.6891448965838,17.546579810876988,17.416493372333875,17.416493372333857,True,,44.99928370001726,62
macau,20,OR-Tools,SM,AR,20,129,25278.56022477907,105.89648108736603,283.80256931414095,9.874155753857968,9.727670741319303,9.727670741319285,True,,44.99915649998002,62
macau,20,OR-Tools,SR,AR,20,129,24089.485857664826,101.15543646928366,271.0965697376802,4.705801976843262,4.815101622108869,4.815101622108861,True,,44.99907289992552,62
macau,20,OR-Tools,AR,AR,20,129,23006.829996863456,96.50845622797806,258.64266269098124,0.0,0.0,0.0,True,,44.99960119999014,62
macau,21,OR-Tools,SE,AR,20,134,30011.50476607775,125.98796567224807,337.64774800162485,31.555817862485572,31.437714442357706,31.437714442357702,True,,45.00015009997878,63
macau,21,OR-Tools,SM,AR,20,134,30011.504766077745,125.98796567224804,337.64774800162473,31.555817862485554,31.437714442357677,31.437714442357656,True,,44.99967629997991,63
macau,21,OR-Tools,SR,AR,20,134,27916.102888055342,117.3465391787565,314.4887249990674,22.370596729375002,22.422493490374684,22.422493490374666,True,,44.99964270007331,63
macau,21,OR-Tools,AR,AR,20,134,22812.75374491501,95.85374046313044,256.8880244411896,0.0,0.0,0.0,True,,44.99971609993372,63
macau,22,OR-Tools,SE,AR,20,134,29236.673904703017,122.70543147154561,328.85055634374226,5.955228863338383,6.014725702822682,6.01472570282268,True,,44.999807599931955,64
macau,22,OR-Tools,SM,AR,20,134,30467.35319143677,127.84447974873285,342.62320572660406,10.415274691679658,10.4547475253767,10.454747525376694,True,,44.999736699974164,64
macau,22,OR-Tools,SR,AR,20,134,30179.79319948257,126.46459072563012,338.92510314468876,9.373142304843894,9.262554526825568,9.262554526825573,True,,45.00020140002016,64
macau,22,OR-Tools,AR,AR,20,134,27593.422446770073,115.74376168789024,310.1932813235459,0.0,0.0,0.0,True,,44.99965770007111,64
macau,23,OR-Tools,SE,AR,20,114,24592.288900218035,103.26129655825272,276.7402747761173,11.980104857404658,11.959277112023218,11.959277112023216,True,,44.9999863000121,65
macau,23,OR-Tools,SM,AR,20,114,24669.357446328257,103.54518473898007,277.5010951004666,12.331033716025615,12.267077968241894,12.267077968241903,True,,44.9999823999824,65
macau,23,OR-Tools,SR,AR,20,114,23181.30686361494,97.50667066730912,261.31787738838847,5.5552487957418455,5.719923392145035,5.71992339214504,True,,45.000222599948756,65
macau,23,OR-Tools,AR,AR,20,114,21961.301904060394,92.23112119144218,247.17940479306506,0.0,0.0,0.0,True,,45.00008429994341,65
macau,24,OR-Tools,SE,AR,20,134,25317.881533169657,106.13713432654887,284.447519995151,6.167498268344658,6.267593532138889,6.267593532138888,True,,44.99976519995835,66
macau,24,OR-Tools,SM,AR,20,134,25666.750876506125,107.60560672978238,288.3830260358168,7.630439998126738,7.737870918561099,7.737870918561084,True,,44.99966490000952,66
macau,24,OR-Tools,SR,AR,20,134,24465.54567087832,102.47306280753557,274.62780832419537,2.5933301032353624,2.599018293832346,2.599018293832347,True,,45.00038029998541,66
macau,24,OR-Tools,AR,AR,20,134,23847.111353398577,99.87723519348299,267.67099031853445,0.0,0.0,0.0,True,,44.99972900003195,66
macau,25,OR-Tools,SE,AR,20,130,24510.785665829433,102.58990105574935,274.94093482940826,8.507479643551834,8.38279771410152,8.38279771410151,True,,44.999823199934326,67
macau,25,OR-Tools,SM,AR,20,130,24510.78566582943,102.58990105574935,274.94093482940826,8.507479643551816,8.38279771410152,8.38279771410151,True,,44.99961949989665,67
macau,25,OR-Tools,SR,AR,20,130,24891.001379837922,104.67696527540849,280.5342669380948,10.190667176191807,10.587711227106404,10.587711227106405,True,,45.00029610004276,67
macau,25,OR-Tools,AR,AR,20,130,22589.028651617024,94.65515120431472,253.67580522756347,0.0,0.0,0.0,True,,45.000384100014344,67
macau,26,OR-Tools,SE,AR,20,123,28031.595195266695,117.44415303545348,314.75033013501536,11.280945119801203,10.98196369169437,10.981963691694364,True,,44.999799599987455,68
macau,26,OR-Tools,SM,AR,20,123,26918.731355438285,113.18844194850917,303.3450244220046,6.863053843079723,6.960416759587688,6.960416759587689,True,,44.99966259999201,68
macau,26,OR-Tools,SR,AR,20,123,25248.44947414029,106.07232236457233,284.27382393705386,0.23230218329883237,0.23585104151550926,0.23585104151550462,True,,45.00118750007823,68
macau,26,OR-Tools,AR,AR,20,123,25189.93271048233,105.82273833405124,283.60493873525735,0.0,0.0,0.0,True,,45.000502299983054,68
macau,27,OR-Tools,SE,AR,20,132,30276.95857083791,127.02826613651666,340.4357532458647,14.417010918458312,14.22612197935456,14.226121979354565,True,,45.00347810005769,69
macau,27,OR-Tools,SM,AR,20,132,31332.445542431753,131.94573360710842,353.6145660670506,18.40570958746736,18.64799796183599,18.647997961835987,True,,45.00367330003064,69
macau,27,OR-Tools,SR,AR,20,132,28043.104347690358,117.86067034436289,315.86659652289256,5.975247442047008,5.982453486811517,5.982453486811516,True,,45.000607999973,69
macau,27,OR-Tools,AR,AR,20,132,26461.93807004399,111.20772020910943,298.0366901604133,0.0,0.0,0.0,True,,45.00033779989462,69
macau,28,OR-Tools,SE,AR,20,121,27491.458245217524,115.46431492825681,309.44436400772827,16.98247552689098,16.93970365289396,16.939703652893954,True,,45.00002769997809,70
macau,28,OR-Tools,SM,AR,20,121,24909.097821840664,104.69995971511136,280.59589203649847,5.993938202507766,6.037802841185598,6.037802841185596,True,,45.000502399983816,70
macau,28,OR-Tools,SR,AR,20,121,27649.19820425848,116.15662651351177,311.29975905621154,17.65369531936348,17.640861509894915,17.640861509894908,True,,45.00014669995289,70
macau,28,OR-Tools,AR,AR,20,121,23500.492805777572,98.73833379207419,264.61873456275885,0.0,0.0,0.0,True,,45.00034729996696,70
macau,29,OR-Tools,SE,AR,20,127,24866.681865190556,104.28932329231512,279.4953864234045,8.333460121433493,8.331230856530475,8.331230856530459,True,,45.0003392000217,71
macau,29,OR-Tools,SM,AR,20,127,24029.771238592803,100.82587295489814,270.21333951912703,4.6873997228947974,4.733548694846585,4.733548694846571,True,,45.000397700001486,71
macau,29,OR-Tools,SR,AR,20,127,22953.833319195117,96.26893599171942,258.0007484578081,0.0,0.0,0.0,True,,45.0002758000046,71
macau,29,OR-Tools,AR,AR,20,127,22953.833319195117,96.26893599171942,258.0007484578081,0.0,0.0,0.0,True,,45.00006570003461,71
hongkong,0,OR-Tools,SE,AR,20,136,24789.814431298793,104.20414164334788,279.26709960417236,29.235688783462084,29.402491382798754,29.40249138279876,True,,45.000230700010434,100042
hongkong,0,OR-Tools,SM,AR,20,136,24503.136458499503,102.86012367817409,275.66513145750656,27.74116265958009,27.733466808401424,27.733466808401406,True,,45.0000255999621,100042
hongkong,0,OR-Tools,SR,AR,20,136,20398.64416038202,85.58484384382012,229.36738150143793,6.34338694311876,6.280727841925492,6.280727841925481,True,,45.00004089996219,100042
hongkong,0,OR-Tools,AR,AR,20,136,19181.864285828044,80.5271525531073,215.81276884232759,0.0,0.0,0.0,True,,45.00002049992327,100042
hongkong,1,OR-Tools,SE,AR,20,126,25005.74744154797,104.84805958184631,280.99279967934814,31.03174939923361,30.658515960438162,30.658515960438162,True,,45.00295240001287,100043
hongkong,1,OR-Tools,SM,AR,20,126,25063.47550247786,105.25242176595523,282.07649033276005,31.334248207987507,31.162420020245296,31.1624200202453,True,,45.000078000011854,100043
hongkong,1,OR-Tools,SR,AR,20,126,23654.686327805684,99.70389172929306,267.2064298345054,23.952100942703826,24.24800783900435,24.24800783900434,True,,45.00017290003598,100043
hongkong,1,OR-Tools,AR,AR,20,126,19083.731657553697,80.24586748987188,215.05892487285666,0.0,0.0,0.0,True,,45.00168099999428,100043
hongkong,2,OR-Tools,SE,AR,20,131,27932.196287756673,117.42649826339886,314.70301534590897,27.18381703595185,27.256531193130414,27.256531193130428,True,,45.000493600033224,100044
hongkong,2,OR-Tools,SM,AR,20,131,29519.749884119454,123.96425027709594,332.22419074261717,34.412433219745225,34.341572945783234,34.34157294578325,True,,45.00041479989886,100044
hongkong,2,OR-Tools,SR,AR,20,131,25368.511648152602,106.52059985520337,285.47520761194505,15.510578212114583,15.437675811284938,15.437675811284944,True,,45.000367900007404,100044
hongkong,2,OR-Tools,AR,AR,20,131,21962.06792556077,92.27541970728949,247.29812481553583,0.0,0.0,0.0,True,,45.0017649999354,100044
hongkong,3,OR-Tools,SE,AR,20,132,29831.348752314254,125.15078883635823,335.40411408144007,19.206572380066948,19.308993376579956,19.308993376579956,True,,45.00192559999414,100045
hongkong,3,OR-Tools,SM,AR,20,132,29831.348752314254,125.15078883635822,335.40411408144,19.206572380066948,19.30899337657994,19.308993376579934,True,,45.00035949994344,100045
hongkong,3,OR-Tools,SR,AR,20,132,25934.259395791916,109.16637050026958,292.5658729407225,3.6337376313924,4.070696605774093,4.070696605774097,True,,45.00123250007164,100045
hongkong,3,OR-Tools,AR,AR,20,132,25024.919479441793,104.89635801497342,281.12223948012877,0.0,0.0,0.0,True,,45.00038179999683,100045
hongkong,4,OR-Tools,SE,AR,20,128,19680.53481816616,82.85416313865521,222.04915721159597,29.484129668547013,29.568857932958593,29.5688579329586,True,,45.00045890000183,100046
hongkong,4,OR-Tools,SM,AR,20,128,18342.201480955504,77.09220661117811,206.60711371795736,20.67883403119647,20.55820477513007,20.558204775130083,True,,45.00033740000799,100046
hongkong,4,OR-Tools,SR,AR,20,128,18018.794867831835,75.85313183881244,203.28639332801737,18.551045116094578,18.620516950315647,18.620516950315658,True,,45.000382700003684,100046
hongkong,4,OR-Tools,AR,AR,20,128,15199.186856755588,63.946047268183484,171.37540667873174,0.0,0.0,0.0,True,,45.001769299968146,100046
hongkong,5,OR-Tools,SE,AR,20,110,25690.210654711824,108.32029540580523,290.298391687558,39.03458073208221,39.52423113254552,39.52423113254552,True,,45.001347700017504,100047
hongkong,5,OR-Tools,SM,AR,20,110,23968.123028887436,100.72366980124707,269.9394350673422,29.71469876387083,29.73923799984602,29.739237999846026,True,,45.00072079990059,100047
hongkong,5,OR-Tools,SR,AR,20,110,20983.437046581686,88.19202553960227,236.3546284461341,13.561675741045109,13.597590454644989,13.59759045464498,True,,45.000508600031026,100047
hongkong,5,OR-Tools,AR,AR,20,110,18477.569047528195,77.63547200837314,208.06306498244004,0.0,0.0,0.0,True,,45.00036050006747,100047
hongkong,6,OR-Tools,SE,AR,20,134,27376.924871191073,115.13144115794398,308.55226230328987,26.845442534185434,27.066240173883816,27.0662401738838,True,,45.000780800008215,100048
hongkong,6,OR-Tools,SM,AR,20,134,28530.874700293065,119.94748737594898,321.45926616754326,32.19203560201094,32.381529197201345,32.38152919720133,True,,45.00045419996604,100048
hongkong,6,OR-Tools,SR,AR,20,134,24123.4369368142,101.34227940060703,271.59730879362684,11.771064430823502,11.847661113011743,11.847661113011734,True,,45.00066170003265,100048
hongkong,6,OR-Tools,AR,AR,20,134,21582.899885277995,90.6074194061242,242.82788400841287,0.0,0.0,0.0,True,,45.00036399997771,100048
hongkong,7,OR-Tools,SE,AR,20,128,36442.43535886577,152.87540396865478,409.70608263599485,29.70188170619621,29.55438566676798,29.554385666767985,True,,45.00033039995469,100049
hongkong,7,OR-Tools,SM,AR,20,128,37117.42790478799,155.68509747854978,417.2360612425134,32.10424045312528,31.93546272126255,31.935462721262542,True,,45.001968599972315,100049
hongkong,7,OR-Tools,SR,AR,20,128,28969.10629522147,121.60224317358383,325.89401170520466,3.1036362097283994,3.051920067434579,3.0519200674345726,True,,45.000367900007404,100049
hongkong,7,OR-Tools,AR,AR,20,128,28097.07529256672,118.00094854517062,316.24254210105727,0.0,0.0,0.0,True,,45.00043140002526,100049
hongkong,8,OR-Tools,SE,AR,20,142,33220.250692350804,139.32443267476717,373.38947956837603,24.596111312089867,24.295554486207486,24.295554486207482,True,,45.00129269994795,100050
hongkong,8,OR-Tools,SM,AR,20,142,31150.886158192712,131.28026011475404,351.83109710754087,16.834737798354734,17.119104027847584,17.11910402784758,True,,45.00059720000718,100050
hongkong,8,OR-Tools,SR,AR,20,142,26862.76387646183,112.86295097707037,302.4727086185486,0.751675509561831,0.6884636335954717,0.6884636335954669,True,,45.0023838999914,100050
hongkong,8,OR-Tools,AR,AR,20,142,26662.34952481006,112.09124352892876,300.4045326575291,0.0,0.0,0.0,True,,45.00060420006048,100050
hongkong,9,OR-Tools,SE,AR,20,119,30903.692542318633,130.26235522319044,349.1031119981504,25.53708157445571,25.56640222974312,25.566402229743108,True,,45.00071529997513,100051
hongkong,9,OR-Tools,SM,AR,20,119,30098.703201148637,126.7909102461358,339.79963945964397,22.267051222883904,22.22010271319897,22.22010271319897,True,,45.00258580001537,100051
hongkong,9,OR-Tools,SR,AR,20,119,25956.734609404462,109.23097114539505,292.73900266965876,5.441532774931803,5.293198754833687,5.293198754833688,True,,45.00253390008584,100051
hongkong,9,OR-Tools,AR,AR,20,119,24617.18255254304,103.73981647165087,278.02270814402436,0.0,0.0,0.0,True,,45.001423500012606,100051
hongkong,10,OR-Tools,SE,AR,20,145,24578.190597020977,103.28641736709736,276.8075985438209,12.730904295733875,12.853693690851252,12.853693690851243,True,,45.00119310000446,100052
hongkong,10,OR-Tools,SM,AR,20,145,31147.18413160532,130.81031209692165,350.57163641975006,42.860403802352515,42.92708827843737,42.927088278437374,True,,45.000548299984075,100052
hongkong,10,OR-Tools,SR,AR,20,145,26290.8299486349,110.47627322492221,296.07641224279155,20.58613603371615,20.7095358368372,20.7095358368372,True,,45.000659800018184,100052
hongkong,10,OR-Tools,AR,AR,20,145,21802.53121410568,91.52240745441415,245.28005197782994,0.0,0.0,0.0,True,,45.000718600000255,100052
hongkong,11,OR-Tools,SE,AR,20,129,28838.23251883876,121.04924155859635,324.41196737703825,18.079591155806483,17.720306363784704,17.720306363784697,True,,45.000872700009495,100053
hongkong,11,OR-Tools,SM,AR,20,129,27206.930356825233,114.39017551268991,306.56567037400896,11.400142537854332,11.24436909290708,11.244369092907066,True,,45.00063439994119,100053
hongkong,11,OR-Tools,SR,AR,20,129,28428.060523273834,119.54072420086007,320.369140858305,16.40012132324208,16.25327424345672,16.25327424345671,True,,45.00054089992773,100053
hongkong,11,OR-Tools,AR,AR,20,129,24422.706952623674,102.82783429438624,275.57859590895515,0.0,0.0,0.0,True,,45.00076079997234,100053
hongkong,12,OR-Tools,SE,AR,20,131,24153.80059875581,101.63755668728828,272.3886519219326,31.54876761198506,31.599773635806123,31.59977363580612,True,,45.00090199999977,100054
hongkong,12,OR-Tools,SM,AR,20,131,28044.68794123292,118.10676733974176,316.52613647050794,52.73969500774658,52.92402093635495,52.92402093635495,True,,45.00053109996952,100054
hongkong,12,OR-Tools,SR,AR,20,131,21816.499494865802,91.5942549918481,245.47260337815294,18.819132021191088,18.595759443074762,18.59575944307477,True,,45.000554899917915,100054
hongkong,12,OR-Tools,AR,AR,20,131,18361.099869821373,77.23231877933442,206.98261432861625,0.0,0.0,0.0,True,,45.00063320004847,100054
hongkong,13,OR-Tools,SE,AR,20,131,32844.3683616544,137.6703532793375,368.9565467886245,25.612673611236566,25.30214234159293,25.302142341592937,True,,45.0033720000647,100055
hongkong,13,OR-Tools,SM,AR,20,131,33517.25295700348,140.4951688024995,376.5270523906987,28.186108183730678,27.87317835872148,27.873178358721486,True,,45.00056339998264,100055
hongkong,13,OR-Tools,SR,AR,20,131,29070.70279677626,122.18824125035198,327.4644865509433,11.180360110806568,11.210932731138692,11.210932731138692,True,,45.001061300048605,100055
hongkong,13,OR-Tools,AR,AR,20,131,26147.336425069403,109.87070987503702,294.45350246509923,0.0,0.0,0.0,True,,45.00070560001768,100055
hongkong,14,OR-Tools,SE,AR,20,135,30829.4914835208,129.7771483290674,347.8027575219006,41.09150188251627,41.339951733398195,41.339951733398195,True,,45.00100759998895,100056
hongkong,14,OR-Tools,SM,AR,20,135,28380.550009848404,119.3234733892208,319.78690868311173,29.883894688362147,29.95488178496554,29.95488178496554,True,,45.00263270002324,100056
hongkong,14,OR-Tools,SR,AR,20,135,25541.561968543763,107.16553901492306,287.2036445599938,16.891235150390738,16.713707358140983,16.713707358140976,True,,45.000768800033256,100056
hongkong,14,OR-Tools,AR,AR,20,135,21850.707570744995,91.81915427129826,246.07533344707934,0.0,0.0,0.0,True,,45.00175980001222,100056
hongkong,15,OR-Tools,SE,AR,20,131,29124.435478028863,122.82902315918363,329.1817820666122,20.95947040821107,21.23665334258064,21.236653342580663,True,,45.000787999946624,100057
hongkong,15,OR-Tools,SM,AR,20,131,30092.56647328524,126.46064010777208,338.9145154888292,24.980307569512544,24.821189584462644,24.821189584462655,True,,45.00226350000594,100057
hongkong,15,OR-Tools,SR,AR,20,131,26567.46703294132,111.89577238384221,299.88066998869715,10.339880916026045,10.445142508535037,10.445142508535046,True,,45.00136910006404,100057
hongkong,15,OR-Tools,AR,AR,20,131,24077.84638915864,101.31343927162308,271.52001724794985,0.0,0.0,0.0,True,,45.00068229995668,100057
hongkong,16,OR-Tools,SE,AR,20,138,26086.78513771417,109.60549546034076,293.7427278337133,20.834676165629954,20.615315208407914,20.615315208407914,True,,45.00075780006591,100058
hongkong,16,OR-Tools,SM,AR,20,138,27268.430003483667,114.49041830849444,306.83432106676514,26.308086321165423,25.990926227036102,25.99092622703611,True,,45.00122390000615,100058
hongkong,16,OR-Tools,SR,AR,20,138,24209.496786805306,101.42196660306729,271.81087049622033,12.139027056164453,11.60975478015096,11.609754780150947,True,,45.000639599980786,100058
hongkong,16,OR-Tools,AR,AR,20,138,21588.823643600957,90.87195541541007,243.536840513299,0.0,0.0,0.0,True,,45.00063270004466,100058
hongkong,17,OR-Tools,SE,AR,20,133,34157.59097552597,143.4512392307157,384.44932113831806,34.183907063141895,33.79520722524914,33.79520722524915,True,,45.00078989996109,100059
hongkong,17,OR-Tools,SM,AR,20,133,31585.488099854334,132.6414481741735,355.479081106785,24.079716358555814,23.713048003566886,23.713048003566893,True,,45.00068529997952,100059
hongkong,17,OR-Tools,SR,AR,20,133,30152.35176599496,126.74597817640847,339.67922151277475,18.449816030714068,18.21441561620501,18.214415616205024,True,,45.00076820002869,100059
hongkong,17,OR-Tools,AR,AR,20,133,25455.80295217719,107.21702384242379,287.34162389769574,0.0,0.0,0.0,True,,45.0007282999577,100059
hongkong,18,OR-Tools,SE,AR,20,137,20766.583588063128,87.18421367957926,233.65369266127243,12.727088287639209,12.546328428763593,12.546328428763587,True,,45.00081999995746,100060
hongkong,18,OR-Tools,SM,AR,20,137,21754.809846609493,91.25109558999632,244.55293618119018,18.091469396496876,17.796276875313662,17.796276875313662,True,,45.0007106999401,100060
hongkong,18,OR-Tools,SR,AR,20,137,20963.880173962574,88.06553035287885,236.01562134571535,13.798071849438028,13.684022416891558,13.684022416891558,True,,45.00066969997715,100060
hongkong,18,OR-Tools,AR,AR,20,137,18421.99945329399,77.46517802645394,207.60667711089658,0.0,0.0,0.0,True,,45.0006555999862,100060
hongkong,19,OR-Tools,SE,AR,20,130,32056.959513749556,135.16868245276854,362.2520689734197,33.044549159212025,33.387640665570245,33.38764066557024,True,,45.00068200007081,100061
hongkong,19,OR-Tools,SM,AR,20,130,28551.431831514365,119.86745552855841,321.24478081653655,18.49571617185156,18.28802941189049,18.288029411890488,True,,45.000783500028774,100061
hongkong,19,OR-Tools,SR,AR,20,130,27470.776204713908,115.5028979355111,309.54776646716977,14.01072000113344,13.98098114211832,13.980981142118319,True,,45.001448299968615,100061
hongkong,19,OR-Tools,AR,AR,20,130,24094.906342527094,101.33523749150322,271.57843647722865,0.0,0.0,0.0,True,,45.00078440003563,100061
hongkong,20,OR-Tools,SE,AR,20,133,20053.93278623681,84.23094111747054,225.73892219482104,17.53666199629374,17.48919971798876,17.48919971798875,True,,45.0009203000227,100062
hongkong,20,OR-Tools,SM,AR,20,133,19439.120586765643,81.54798564744124,218.54860153514252,13.933230467390072,13.746889744114299,13.746889744114288,True,,45.001985599985346,100062
hongkong,20,OR-Tools,SR,AR,20,133,18880.316635112253,79.4028178451558,212.79955182501755,10.658064848367228,10.754710801226548,10.754710801226542,True,,45.00077320006676,100062
hongkong,20,OR-Tools,AR,AR,20,133,17061.853251259738,71.69249711433173,192.13589226640906,0.0,0.0,0.0,True,,45.00265869998839,100062
hongkong,21,OR-Tools,SE,AR,20,128,28786.331079278836,120.89630562065955,324.0020990633676,26.605931042605537,26.52115853700087,26.521158537000876,True,,45.001115899998695,100063
hongkong,21,OR-Tools,SM,AR,20,128,25963.25815140054,108.9775463420113,292.0598241965903,14.189698649152488,14.047863968432075,14.047863968432075,True,,45.00117100006901,100063
hongkong,21,OR-Tools,SR,AR,20,128,27113.31904055588,113.73429251523848,304.80790394083914,19.247812141497082,19.02592374960958,19.02592374960958,True,,45.00083729997277,100063
hongkong,21,OR-Tools,AR,AR,20,128,22736.95303389194,95.55421956186376,256.0853084257949,0.0,0.0,0.0,True,,45.00230559997726,100063
hongkong,22,OR-Tools,SE,AR,20,128,28378.616310259,119.43736668469494,320.09214271498246,29.691469029476007,30.011494701844786,30.011494701844782,True,,45.001077500055544,100064
hongkong,22,OR-Tools,SM,AR,20,128,27981.925373265658,117.67929434179416,315.38050883600835,27.878574778153848,28.097775240012467,28.09777524001245,True,,45.00082100008149,100064
hongkong,22,OR-Tools,SR,AR,20,128,25702.6925474216,108.12242624242026,289.7681023296863,17.462384988905384,17.694810566920776,17.694810566920772,True,,45.00083179993089,100064
hongkong,22,OR-Tools,AR,AR,20,128,21881.636874518837,91.86677451759209,246.20295570714683,0.0,0.0,0.0,True,,45.00081809994299,100064
hongkong,23,OR-Tools,SE,AR,20,118,29467.544773157217,123.95260758334791,332.19298832337245,23.931833222024462,23.83334305692793,23.833343056927948,True,,45.00090719992295,100065
hongkong,23,OR-Tools,SM,AR,20,118,29940.84709826286,126.17419290940356,338.14683699720155,25.922403704571806,26.052790821483423,26.05279082148343,True,,45.00077120005153,100065
hongkong,23,OR-Tools,SR,AR,20,118,28542.861373470747,120.05590135507644,321.74981563160486,20.042886594292234,19.940386155370707,19.940386155370707,True,,45.000869199982844,100065
hongkong,23,OR-Tools,AR,AR,20,118,23777.220111289706,100.09631051175381,268.2581121715002,0.0,0.0,0.0,True,,45.00091259996407,100065
hongkong,24,OR-Tools,SE,AR,20,125,28795.954596724885,121.34186201319494,325.1961901953625,13.556365765306207,13.771019364132277,13.771019364132291,True,,45.00097900000401,100066
hongkong,24,OR-Tools,SM,AR,20,125,28377.84859426275,119.3372608834772,319.8238591677189,11.907571731242117,11.891490649452768,11.891490649452779,True,,45.00265150004998,100066
hongkong,24,OR-Tools,SR,AR,20,125,26573.962877009195,111.7121006744852,299.38842980762035,4.793978548588812,4.7420845384973935,4.742084538497402,True,,45.000817500054836,100066
hongkong,24,OR-Tools,AR,AR,20,125,25358.291807470505,106.65445619752394,285.83394260936416,0.0,0.0,0.0,True,,45.00170100003015,100066
hongkong,25,OR-Tools,SE,AR,20,130,29482.266065644453,123.97588845936849,332.2553810711076,12.603899089164798,12.528362882783465,12.528362882783465,True,,45.00090570002794,100067
hongkong,25,OR-Tools,SM,AR,20,130,28844.513059434285,121.47263562632273,325.54666347854493,10.168079705566427,10.256252178961821,10.256252178961816,True,,45.00084779993631,100067
hongkong,25,OR-Tools,SR,AR,20,130,28747.04643688103,120.90385773375479,324.02233872646286,9.7958178954969,9.739993365333186,9.739993365333182,True,,45.00091479998082,100067
hongkong,25,OR-Tools,AR,AR,20,130,26182.278148556008,110.17301352594055,295.2636762495207,0.0,0.0,0.0,True,,45.0010864000069,100067
hongkong,26,OR-Tools,SE,AR,20,138,35928.732488630514,150.9822090889058,404.6323203582675,30.346867691225412,30.184186276870292,30.18418627687028,True,,45.001675199950114,100068
hongkong,26,OR-Tools,SM,AR,20,138,33111.67237066394,139.1849549458389,373.0156792548483,20.126775385129886,20.012021356351518,20.01202135635151,True,,45.000966600026004,100068
hongkong,26,OR-Tools,SR,AR,20,138,33995.428964013765,142.78102032742515,382.6531344774994,23.332980997339305,23.1127234081049,23.112723408104884,True,,45.00146740011405,100068
hongkong,26,OR-Tools,AR,AR,20,138,27563.940066239993,115.97584423026859,310.81526253711985,0.0,0.0,0.0,True,,45.002456399961375,100068
hongkong,27,OR-Tools,SE,AR,20,126,24066.26006027732,101.15046741866416,271.08325268202,28.651484166325226,28.830231126427186,28.83023112642718,True,,45.001382900052704,100069
hongkong,27,OR-Tools,SM,AR,20,126,24426.60843831152,102.66337573982412,275.13784698272866,30.577805644399273,30.757145886804928,30.757145886804928,True,,45.0014296999434,100069
hongkong,27,OR-Tools,SR,AR,20,126,20092.81527043952,84.61404732867852,226.76564684085847,7.410561472676979,7.7686297659628165,7.768629765962819,True,,45.00145009998232,100069
hongkong,27,OR-Tools,AR,AR,20,126,18706.55454636155,78.51454315827505,210.41897566417714,0.0,0.0,0.0,True,,45.00117489998229,100069
hongkong,28,OR-Tools,SE,AR,20,123,22580.484620600477,94.90266699941833,254.33914755844114,24.142099981408297,23.992529694572042,23.992529694572045,True,,45.00092499994207,100070
hongkong,28,OR-Tools,SM,AR,20,123,24293.751157865066,102.14454821073639,273.7473892047735,33.56122934632296,33.454215014168184,33.454215014168184,True,,45.00093820004258,100070
hongkong,28,OR-Tools,SR,AR,20,123,18578.77338666612,78.1980273408559,209.57071327349382,2.1416493955699343,2.1675315739805256,2.167531573980524,True,,45.00102780002635,100070
hongkong,28,OR-Tools,AR,AR,20,123,18189.223981213596,76.53901991772399,205.1245733795003,0.0,0.0,0.0,True,,45.001242400030605,100070
hongkong,29,OR-Tools,SE,AR,20,133,25607.377950298705,107.673385268375,288.564672519245,18.042672006007162,18.204562521211695,18.20456252121168,True,,45.00098959996831,100071
hongkong,29,OR-Tools,SM,AR,20,133,27628.620844705427,116.46539193171577,312.1272503769983,27.360022360737336,27.856486241576196,27.856486241576192,True,,45.000906299916096,100071
hongkong,29,OR-Tools,SR,AR,20,133,23528.094565189345,98.6275778416573,264.3219086156416,8.457771626421776,8.274014625265238,8.274014625265234,True,,45.0023557000095,100071
hongkong,29,OR-Tools,AR,AR,20,133,21693.322859546548,91.09071847294652,244.1231255074967,0.0,0.0,0.0,True,,45.000896500074305,100071
